{
  "round": 2,
  "metric_before": 0.9097299999999999,
  "metric_after": 0.9090516666666667
}