{
  "round": 1,
  "metric_before": 0.836076,
  "metric_after": 0.9097299999999999
}